SENTENCE_ID	RELATION_ID	SENTENCE	ARGUMENT_1	ARGUMENT_1_CATEGORY	RELATION	ARGUMENT_2	ARGUMENT_2_CATEGORY
3	1	marcelo_tejedor , paleontólogo de a universidade_nacional_da_patagônia , esboça um sorriso meio sem graça quando lhe perguntam se não é uma situação frustrante .	marcelo_tejedor	PER	marcelo_tejedor , paleontólogo de a universidade_nacional_da_patagônia , esboça sem	universidade_nacional_da_patagônia	ORG
4	3	esse é um alvo viável para remédios contra a obesidade , disse um de os autores , john_clapham , de a empresa farmacêutica smith_kline_beecham , que fez o estudo em colaboração com a universidade_de_cambridge , reino_unido .	john_clapham	PER	esse é um alvo viável para remédios contra a obesidade , disse um de os autores , john_clapham , de a , que fez o estudo em colaboração com a universidade_de_cambridge ,	smith_kline_beecham	ORG
9	2	um grupo que reúne 13 sociedades científicas nacionais , lideradas por a academia_brasileira_de_ciências e por a associação_nacional_de_biossegurança ( anbio ) , enviou uma carta a o senado_federal para pedir mudanças em o projeto de a nova lei_de_biossegurança , recentemente aprovado por a câmara de os deputados .	associação_nacional_de_biossegurança	ORG	nacionais , lideradas por a academia_brasileira_de_ciências e por a associação_nacional_de_biossegurança ( anbio ) , a o para pedir mudanças em o projeto de a , recentemente aprovado por a câmara de	anbio	ORG
10	1	primeiro , pede que a ctnbio ( comissão_técnica_nacional_de_biossegurança ) seja a única instância a regulamentar tanto a pesquisa como a comercialização de transgênicos , em o âmbito de o mérito científico .	ctnbio	ORG	primeiro , pede que a ctnbio ( comissão_técnica_nacional_de_biossegurança ) seja a instância a a pesquisa como a comercialização de transgênicos , em o âmbito de o	comissão_técnica_nacional_de_biossegurança	ORG
11	1	a idéia foi lançada por o ministro_roberto_amaral ( ciência_e_tecnologia ) e detalhada ontem durante a abertura de o 1º congresso_internacional_de_biodiesel , realizado em ribeirão_preto e promovido por a usp ( universidade_de_são_paulo ) de a cidade .	ministro_roberto_amaral	PER	a idéia foi lançada por o ministro_roberto_amaral ( ciência_e_tecnologia ) e detalhada ontem durante a abertura de o 1º congresso_internacional_de_biodiesel , realizado em ribeirão_preto e promovido por a usp ( universidade_de_são_paulo ) de a	ciência_e_tecnologia	ORG
11	5	a idéia foi lançada por o ministro_roberto_amaral ( ciência_e_tecnologia ) e detalhada ontem durante a abertura de o 1º congresso_internacional_de_biodiesel , realizado em ribeirão_preto e promovido por a usp ( universidade_de_são_paulo ) de a cidade .	usp	ORG	a idéia foi lançada por o ministro_roberto_amaral ( ciência_e_tecnologia ) e detalhada ontem durante a abertura de o 1º congresso_internacional_de_biodiesel , realizado em ribeirão_preto e promovido por a usp ( universidade_de_são_paulo ) de a	universidade_de_são_paulo	ORG
12	1	francelino_grando , secretário_de_política_tecnológica_empresarial de o mct ( ministério_da_ciência_e_tecnologia ) , disse que a proposta é uma equação lógica .	francelino_grando	PER	francelino_grando , secretário_de_política_tecnológica_empresarial de o mct ( ministério_da_ciência_e_tecnologia ) , disse que a proposta é uma	mct	ORG
12	2	francelino_grando , secretário_de_política_tecnológica_empresarial de o mct ( ministério_da_ciência_e_tecnologia ) , disse que a proposta é uma equação lógica .	secretário_de_política_tecnológica_empresarial	PER	francelino_grando , secretário_de_política_tecnológica_empresarial de o mct ( ministério_da_ciência_e_tecnologia ) , disse que a proposta é uma	mct	ORG
12	3	francelino_grando , secretário_de_política_tecnológica_empresarial de o mct ( ministério_da_ciência_e_tecnologia ) , disse que a proposta é uma equação lógica .	mct	ORG	francelino_grando , secretário_de_política_tecnológica_empresarial de o mct ( ministério_da_ciência_e_tecnologia ) , disse que a proposta é uma	ministério_da_ciência_e_tecnologia	ORG
14	4	ainda ontem , o prefeito de ribeirão , gilberto_maggioni ( pmn ) , assinou uma carta de intenção com a usp para colocar parte de a frota de a administração municipal movida a biodiesel , já a partir de junho .	gilberto_maggioni	PER	ainda ontem , o prefeito de ribeirão , gilberto_maggioni ( pmn ) , assinou uma carta de intenção com a usp para colocar parte de a frota de a movida a biodiesel , já a partir de	pmn	ORG
20	5	o aumento de a temperatura em a antártida durante o último século foi de 1,2°c , por o menos o dobro de a média em o resto de o planeta , que ficou entre 0,2°c e 0,6°c , segundo o ipcc ( painel_intergovernamental_de_mudança_climática , órgão de a onu ) .	painel_intergovernamental_de_mudança_climática	ORG	o aumento de a temperatura em a antártida durante o último século foi de 1,2°c , por o menos o dobro de a média em o resto de o planeta , que ficou entre 0,2°c e 0,6°c , segundo o ipcc ( painel_intergovernamental_de_mudança_climática , órgão de a onu )	onu	ORG
22	1	os brasileiros ( gilson_rambelli , paulo_bava_de_camargo e flávio_rizzi , pesquisadores de o museu_de_arqueologia_e_etnologia ( mae ) de a usp ) acharam mesmo restos de um ou dois navios antigos , possivelmente portugueses de os século 15 ou 16 , de a chamada tradição ibero-atlântica .	gilson_rambelli	PER	os brasileiros ( gilson_rambelli , paulo_bava_de_camargo e flávio_rizzi , pesquisadores de o museu_de_arqueologia_e_etnologia ( mae ) de a usp ) restos de de ou 16 , de a	museu_de_arqueologia_e_etnologia	ORG
22	2	os brasileiros ( gilson_rambelli , paulo_bava_de_camargo e flávio_rizzi , pesquisadores de o museu_de_arqueologia_e_etnologia ( mae ) de a usp ) acharam mesmo restos de um ou dois navios antigos , possivelmente portugueses de os século 15 ou 16 , de a chamada tradição ibero-atlântica .	flávio_rizzi	PER	os brasileiros ( gilson_rambelli , paulo_bava_de_camargo e flávio_rizzi , pesquisadores de o museu_de_arqueologia_e_etnologia ( mae ) de a usp ) restos de de ou 16 , de a	museu_de_arqueologia_e_etnologia	ORG
22	3	os brasileiros ( gilson_rambelli , paulo_bava_de_camargo e flávio_rizzi , pesquisadores de o museu_de_arqueologia_e_etnologia ( mae ) de a usp ) acharam mesmo restos de um ou dois navios antigos , possivelmente portugueses de os século 15 ou 16 , de a chamada tradição ibero-atlântica .	museu_de_arqueologia_e_etnologia	ORG	os brasileiros ( gilson_rambelli , paulo_bava_de_camargo e flávio_rizzi , pesquisadores de o museu_de_arqueologia_e_etnologia ( mae ) de a usp ) restos de de ou 16 , de a	mae	ORG
22	4	os brasileiros ( gilson_rambelli , paulo_bava_de_camargo e flávio_rizzi , pesquisadores de o museu_de_arqueologia_e_etnologia ( mae ) de a usp ) acharam mesmo restos de um ou dois navios antigos , possivelmente portugueses de os século 15 ou 16 , de a chamada tradição ibero-atlântica .	museu_de_arqueologia_e_etnologia	ORG	os brasileiros ( gilson_rambelli , paulo_bava_de_camargo e flávio_rizzi , pesquisadores de o museu_de_arqueologia_e_etnologia ( mae ) de a usp ) restos de de ou 16 , de a	usp	ORG
22	5	os brasileiros ( gilson_rambelli , paulo_bava_de_camargo e flávio_rizzi , pesquisadores de o museu_de_arqueologia_e_etnologia ( mae ) de a usp ) acharam mesmo restos de um ou dois navios antigos , possivelmente portugueses de os século 15 ou 16 , de a chamada tradição ibero-atlântica .	mae	ORG	os brasileiros ( gilson_rambelli , paulo_bava_de_camargo e flávio_rizzi , pesquisadores de o museu_de_arqueologia_e_etnologia ( mae ) de a usp ) restos de de ou 16 , de a	usp	ORG
22	6	os brasileiros ( gilson_rambelli , paulo_bava_de_camargo e flávio_rizzi , pesquisadores de o museu_de_arqueologia_e_etnologia ( mae ) de a usp ) acharam mesmo restos de um ou dois navios antigos , possivelmente portugueses de os século 15 ou 16 , de a chamada tradição ibero-atlântica .	paulo_bava_de_camargo	PER	os brasileiros ( gilson_rambelli , paulo_bava_de_camargo e flávio_rizzi , pesquisadores de o museu_de_arqueologia_e_etnologia ( mae ) de a usp ) restos de de ou 16 , de a	museu_de_arqueologia_e_etnologia	ORG
22	7	os brasileiros ( gilson_rambelli , paulo_bava_de_camargo e flávio_rizzi , pesquisadores de o museu_de_arqueologia_e_etnologia ( mae ) de a usp ) acharam mesmo restos de um ou dois navios antigos , possivelmente portugueses de os século 15 ou 16 , de a chamada tradição ibero-atlântica .	gilson_rambelli	PER	os brasileiros ( gilson_rambelli , paulo_bava_de_camargo e flávio_rizzi , pesquisadores de o museu_de_arqueologia_e_etnologia ( mae ) de a usp ) restos de de ou 16 , de a	mae	ORG
22	8	os brasileiros ( gilson_rambelli , paulo_bava_de_camargo e flávio_rizzi , pesquisadores de o museu de arqueologia e etnologia ( mae ) de a usp ) acharam mesmo restos de um ou dois navios antigos , possivelmente portugueses de os século 15 ou 16 , de a chamada tradição ibero-atlântica .	paulo_bava_de_camargo	PER	os brasileiros ( gilson_rambelli , paulo_bava_de_camargo e flávio_rizzi , pesquisadores de o museu de arqueologia e etnologia ( mae ) de a ) de de ou 16 , de a	mae	ORG
22	9	os brasileiros ( gilson_rambelli , paulo_bava_de_camargo e flávio_rizzi , pesquisadores de o museu de arqueologia e etnologia ( mae ) de a usp ) acharam mesmo restos de um ou dois navios antigos , possivelmente portugueses de os século 15 ou 16 , de a chamada tradição ibero-atlântica .	flávio_rizzi	PER	os brasileiros ( gilson_rambelli , paulo_bava_de_camargo e flávio_rizzi , pesquisadores de o museu de arqueologia e etnologia ( mae ) de a ) de de ou 16 , de a	mae	ORG
22	10	os brasileiros ( gilson_rambelli , paulo_bava_de_camargo e flávio_rizzi , pesquisadores de o museu de arqueologia e etnologia ( mae ) de a usp ) acharam mesmo restos de um ou dois navios antigos , possivelmente portugueses de os século 15 ou 16 , de a chamada tradição ibero-atlântica .	gilson_rambelli	PER	os brasileiros ( gilson_rambelli , paulo_bava_de_camargo e flávio_rizzi , pesquisadores de o museu de arqueologia e etnologia ( mae ) de a ) de de ou 16 , de a	usp	ORG
26	1	esse vírus é antigo e é uma zoonose , diz o virologista paolo_zanotto , de a usp , que está preparando um diagnóstico molecular de a pneumonia .	paolo_zanotto	PER	esse vírus é antigo e é uma zoonose , diz o virologista paolo_zanotto , de a usp , preparando um diagnóstico molecular de a	usp	ORG
27	1	isso é tudo o que esperam órgãos como os institutos_nacionais_de_saúde ( nih ) de os eua , que correm atrás_de uma vacina para a doença .	institutos_nacionais_de_saúde	ORG	é o que esperam órgãos como os institutos_nacionais_de_saúde ( nih ) de os eua , que correm atrás_de uma vacina para a	nih	ORG
27	2	isso é tudo o que esperam órgãos como os institutos_nacionais_de_saúde ( nih ) de os eua , que correm atrás_de uma vacina para a doença .	institutos_nacionais_de_saúde	ORG	é o que esperam órgãos como os institutos_nacionais_de_saúde ( nih ) de os eua , que correm atrás_de uma vacina para a	eua	PLC
27	3	isso é tudo o que esperam órgãos como os institutos_nacionais_de_saúde ( nih ) de os eua , que correm atrás de uma vacina para a doença .	nih	ORG	é o que esperam órgãos como os institutos_nacionais_de_saúde ( nih ) de os eua , que correm atrás de uma vacina para a	eua	PLC
28	4	as análises feitas com diferentes genes sequenciados até o momento indicam que esse não parece ser um recombinante , disse a a folha a médica teresa_peret , de os cdc ( centros_para_controle_e_prevenção_de_doenças ) de os eua , uma brasileira que integrou a equipe que identificou o vírus .	teresa_peret	PER	as análises feitas com diferentes genes sequenciados até o momento indicam que esse um recombinante , disse a a folha a médica teresa_peret , de os cdc ( centros_para_controle_e_prevenção_de_doenças ) de os a	cdc	ORG
28	5	as análises feitas com diferentes genes sequenciados até o momento indicam que esse não parece ser um recombinante , disse a a folha a médica teresa_peret , de os cdc ( centros_para_controle_e_prevenção_de_doenças ) de os eua , uma brasileira que integrou a equipe que identificou o vírus .	cdc	ORG	as análises feitas com diferentes genes sequenciados até o momento indicam que esse um recombinante , disse a a folha a médica teresa_peret , de os cdc ( centros_para_controle_e_prevenção_de_doenças ) de os a	centros_para_controle_e_prevenção_de_doenças	ORG
28	6	as análises feitas com diferentes genes sequenciados até o momento indicam que esse não parece ser um recombinante , disse a a folha a médica teresa_peret , de os cdc ( centros_para_controle_e_prevenção_de_doenças ) de os eua , uma brasileira que integrou a equipe que identificou o vírus .	cdc	ORG	as análises feitas com diferentes genes sequenciados até o momento indicam que esse um recombinante , disse a a folha a médica teresa_peret , de os cdc ( centros_para_controle_e_prevenção_de_doenças ) de os a	eua	PLC
28	7	as análises feitas com diferentes genes sequenciados até o momento indicam que esse não parece ser um recombinante , disse a a folha a médica teresa_peret , de os cdc ( centros_para_controle_e_prevenção_de_doenças ) de os eua , uma brasileira que integrou a equipe que identificou o vírus .	centros_para_controle_e_prevenção_de_doenças	ORG	as análises feitas com diferentes genes sequenciados até o momento indicam que esse um recombinante , disse a a folha a médica teresa_peret , de os cdc ( centros_para_controle_e_prevenção_de_doenças ) de os a	eua	PLC
28	9	as análises feitas com diferentes genes sequenciados até o momento indicam que esse não parece ser um recombinante , disse a a folha a médica teresa_peret , de os cdc ( centros_para_controle_e_prevenção_de_doenças ) de os eua , uma brasileira que integrou a equipe que identificou o vírus .	teresa_peret	PER	as análises feitas com diferentes genes sequenciados até o momento indicam que esse um recombinante , disse a a folha a médica teresa_peret , de os cdc ( centros_para_controle_e_prevenção_de_doenças ) de os a	centros_para_controle_e_prevenção_de_doenças	ORG
37	1	para greg_laden , de a universidade_de_minnesota , e richard_wrangham , de a universidade_harvard , raízes , tubérculos e outros usos ( sigla em inglês para órgãos subterrâneos de armazenamento de as plantas ) permitiram que os primeiros hominídeos , como são conhecidos os ancestrais de o homem , saíssem de a mata fechada e colonizassem ambientes abertos a partir de uns 6 milhões de anos atrás .	greg_laden	PER	para greg_laden , de a universidade_de_minnesota , e richard_wrangham , de a universidade_harvard , raízes , usos ( sigla em inglês para órgãos subterrâneos de armazenamento de as ) os ancestrais de o , saíssem de a partir de milhões de	universidade_de_minnesota	ORG
37	5	para greg_laden , de a universidade_de_minnesota , e richard_wrangham , de a universidade_harvard , raízes , tubérculos e outros usos ( sigla em inglês para órgãos subterrâneos de armazenamento de as plantas ) permitiram que os primeiros hominídeos , como são conhecidos os ancestrais de o homem , saíssem de a mata fechada e colonizassem ambientes abertos a partir de uns 6 milhões de anos atrás .	richard_wrangham	PER	para greg_laden , de a universidade_de_minnesota , e richard_wrangham , de a universidade_harvard , raízes , usos ( sigla em inglês para órgãos subterrâneos de armazenamento de as ) os ancestrais de o , saíssem de a partir de milhões de	universidade_harvard	ORG
38	1	a estimativa anterior , de a onu ( organização_das_nações_unidas ) , calculava em meio bilhão o número de indivíduos expostos atualmente a o problema .	onu	ORG	a estimativa anterior , de a onu ( organização_das_nações_unidas ) , calculava em meio bilhão o número de indivíduos expostos atualmente a o	organização_das_nações_unidas	ORG
39	1	o trabalho foi coordenado por o geocientista charles_vörösmarty , de a universidade_de_new_hampshire , em os estados_unidos .	charles_vörösmarty	PER	o foi coordenado por o geocientista charles_vörösmarty , de a universidade_de_new_hampshire , em os estados_unidos .	universidade_de_new_hampshire	ORG
39	2	o trabalho foi coordenado por o geocientista charles_vörösmarty , de a universidade_de_new_hampshire , em os estados_unidos .	universidade_de_new_hampshire	ORG	o foi coordenado por o geocientista charles_vörösmarty , de a universidade_de_new_hampshire , em os estados_unidos .	estados_unidos	PLC
40	1	a demanda aumenta de forma drástica em o mundo todo , afirmou o especialista em recursos hídricos josé_galizia_tundisi , de o instituto_internacional_de_ecologia , em são_carlos ( sp ) .	josé_galizia_tundisi	PER	a demanda aumenta de forma drástica em o mundo todo , afirmou o especialista em recursos hídricos josé_galizia_tundisi , de o instituto_internacional_de_ecologia , em são_carlos ( sp )	instituto_internacional_de_ecologia	ORG
40	2	a demanda aumenta de forma drástica em o mundo todo , afirmou o especialista em recursos hídricos josé_galizia_tundisi , de o instituto_internacional_de_ecologia , em são_carlos ( sp ) .	instituto_internacional_de_ecologia	ORG	a demanda aumenta de forma drástica em o mundo todo , afirmou o especialista em recursos hídricos josé_galizia_tundisi , de o instituto_internacional_de_ecologia , em são_carlos ( sp )	são_carlos	PLC
40	3	a demanda aumenta de forma drástica em o mundo todo , afirmou o especialista em recursos hídricos josé_galizia_tundisi , de o instituto_internacional_de_ecologia , em são_carlos ( sp ) .	instituto_internacional_de_ecologia	ORG	a demanda aumenta de forma drástica em o mundo todo , afirmou o especialista em recursos hídricos josé_galizia_tundisi , de o instituto_internacional_de_ecologia , em são_carlos ( sp )	sp	PLC
42	1	pesquisadores de a universidade_de_michigan em ann_arbor , em os estados_unidos , sugerem que os olhos de asiáticos tendem a ver uma imagem em o seu conjunto , prestando tanto atenção a o que está em primeiro plano quanto em o fundo , enquanto os americanos demoram mais o olhar em o objeto central de um quadro .	universidade_de_michigan	ORG	pesquisadores de a universidade_de_michigan em ann_arbor , em os estados_unidos , sugerem que os olhos de asiáticos tendem a ver uma imagem em o , atenção a o que está em plano quanto em o o olhar em o objeto central de	ann_arbor	PLC
42	2	pesquisadores de a universidade_de_michigan em ann_arbor , em os estados_unidos , sugerem que os olhos de asiáticos tendem a ver uma imagem em o seu conjunto , prestando tanto atenção a o que está em primeiro plano quanto em o fundo , enquanto os americanos demoram mais o olhar em o objeto central de um quadro .	universidade_de_michigan	ORG	pesquisadores de a universidade_de_michigan em ann_arbor , em os estados_unidos , sugerem que os olhos de asiáticos tendem a ver uma imagem em o , atenção a o que está em plano quanto em o o olhar em o objeto central de	estados_unidos	PLC
46	1	depois de esse período , quem sobreviver será levado a o zôo de san_diego , onde viverá com seus colegas de espécie .	zôo	ORG	depois de esse período , quem sobreviver será levado a o zôo de san_diego , onde viverá com seus colegas de espécie	san_diego	PLC
48	1	o achado foi apresentado por mark_mattson , de o instituto_nacional_do_envelhecimentos de os eua , durante a 170ª reunião anual de a aaas ( associação_americana_para_o_avanço_da_ciência ) , em seattle , em o noroeste de os estados_unidos .	mark_mattson	PER	o achado foi apresentado por mark_mattson , de o instituto_nacional_do_envelhecimentos de os eua , durante a 170ª reunião anual de a aaas ( associação_americana_para_o_avanço_da_ciência ) , em seattle , em o noroeste de os	instituto_nacional_do_envelhecimentos	ORG
48	2	o achado foi apresentado por mark_mattson , de o instituto_nacional_do_envelhecimentos de os eua , durante a 170ª reunião anual de a aaas ( associação_americana_para_o_avanço_da_ciência ) , em seattle , em o noroeste de os estados_unidos .	instituto_nacional_do_envelhecimentos	ORG	o achado foi apresentado por mark_mattson , de o instituto_nacional_do_envelhecimentos de os eua , durante a 170ª reunião anual de a aaas ( associação_americana_para_o_avanço_da_ciência ) , em seattle , em o noroeste de os	eua	PLC
49	1	por outro lado , diz benjamin_wolozin , de o centro_médico_da_universidade_loyola ( chicago , eua ) , o local onde as moléculas de colesterol se abrigam em a membrana é também a região em a qual estão as enzimas ( moléculas que aceleram reações químicas ) responsáveis por produzir a beta-amilóide .	benjamin_wolozin	PER	por outro lado , diz benjamin_wolozin , de o centro_médico_da_universidade_loyola ( chicago , eua ) , o local onde as moléculas de colesterol se abrigam em a membrana é também a região em a as ) responsáveis por produzir a	centro_médico_da_universidade_loyola	ORG
49	2	por outro lado , diz benjamin_wolozin , de o centro_médico_da_universidade_loyola ( chicago , eua ) , o local onde as moléculas de colesterol se abrigam em a membrana é também a região em a qual estão as enzimas ( moléculas que aceleram reações químicas ) responsáveis por produzir a beta-amilóide .	centro_médico_da_universidade_loyola	ORG	por outro lado , diz benjamin_wolozin , de o centro_médico_da_universidade_loyola ( chicago , eua ) , o local onde as moléculas de colesterol se abrigam em a membrana é também a região em a as ) responsáveis por produzir a	chicago	PLC
49	3	por outro lado , diz benjamin_wolozin , de o centro_médico_da_universidade_loyola ( chicago , eua ) , o local onde as moléculas de colesterol se abrigam em a membrana é também a região em a qual estão as enzimas ( moléculas que aceleram reações químicas ) responsáveis por produzir a beta-amilóide .	centro_médico_da_universidade_loyola	ORG	por outro lado , diz benjamin_wolozin , de o centro_médico_da_universidade_loyola ( chicago , eua ) , o local onde as moléculas de colesterol se abrigam em a membrana é também a região em a as ) responsáveis por produzir a	eua	PLC
56	1	é uma descoberta e tanto , disse o psicólogo césar_ades , de a usp , especialista em comportamento de aranhas .	césar_ades	PER	é uma descoberta e tanto , disse o psicólogo césar_ades , de a usp , especialista em comportamento de	usp	ORG
62	1	o estudo , feito por pesquisadores de o imperial_college , em londres , mostra que , além disso isso , elas são capazes de originar outro tipo de célula ( células hepáticas ) dentro do o organismo humano .	imperial_college	ORG	o estudo , feito por pesquisadores de o imperial_college , em londres , mostra que , , capazes de tipo de ( ) do o	londres	PLC
64	2	o trabalho de someya e seus colegas está publicado em a última edição de a revista de a academia_de_ciências de os eua , a pnas ( www.pnas.org ) .	academia_de_ciências	ORG	o trabalho de someya e seus colegas está publicado em a última edição de a revista de a academia_de_ciências de os eua , a pnas ( www.pnas.org )	eua	PLC
66	1	é o caso de schuyler_korban , de a universidade_de_illinois ( eua ) .	schuyler_korban	PER	é o caso de schuyler_korban , de a universidade_de_illinois ( eua ) .	universidade_de_illinois	ORG
66	2	é o caso de schuyler_korban , de a universidade_de_illinois ( eua ) .	universidade_de_illinois	ORG	é o caso de schuyler_korban , de a universidade_de_illinois ( eua ) .	eua	PLC
69	3	os estudos são bancados por a fapesp ( fundação_de_amparo_à_pesquisa_do_estado_de_são_paulo ) e por o cnpq ( conselho_nacional_de_desenvolvimento_científico_e_tecnológico ) .	cnpq	ORG	os estudos são bancados por a fapesp ( fundação_de_amparo_à_pesquisa_do_estado_de_são_paulo ) e por o cnpq ( conselho_nacional_de_desenvolvimento_científico_e_tecnológico )	conselho_nacional_de_desenvolvimento_científico_e_tecnológico	ORG
69	4	os estudos são bancados por a fapesp ( fundação_de_amparo_à_pesquisa_do_estado_de_são_paulo ) e por o cnpq ( conselho_nacional_de_desenvolvimento_científico_e_tecnológico ) .	fapesp	ORG	os estudos são bancados por a fapesp ( fundação_de_amparo_à_pesquisa_do_estado_de_são_paulo ) e por o cnpq ( conselho_nacional_de_desenvolvimento_científico_e_tecnológico )	fundação_de_amparo_à_pesquisa_do_estado_de_são_paulo	ORG
74	1	bioantropólogo de a universidade_macmaster , em o canadá , está prestes a investigar a relação entre neandertais e humanos modernos olhando não para seus crânios , mas para o que eles defecavam , e para as moléculas que podem contar a história de eles , ocultas ali dentro .	universidade_macmaster	ORG	bioantropólogo de a universidade_macmaster , em o canadá , está prestes a investigar a relação entre neandertais e contar a história de	canadá	ORG
80	1	em oito anos , detectamos mais de 300 eventos , graças ao nosso sistema de calibragem de os dados de satélite , conta douglas_revelle , de o laboratório_nacional_de_los_alamos , um de os autores de o estudo , que está publicado em a edição de hoje de a revista britânica nature classentity ( www.nature.com ) .	douglas_revelle	PER	em oito anos , detectamos mais de 300 eventos , graças ao nosso sistema de calibragem de os dados de satélite , conta douglas_revelle , de o laboratório_nacional_de_los_alamos , um de os autores de o estudo , que está publicado em a edição de hoje de a classentity (	laboratório_nacional_de_los_alamos	ORG
81	1	esses corpos medidos em metros são interessantes cientificamente , mas não oferecem absolutamente nenhum perigo a os humanos , diz robert_jedicke , de a universidade_do_arizona , escolhido por a nature para comentar o estudo .	robert_jedicke	PER	esses corpos medidos em metros são interessantes cientificamente , nenhum perigo a os , diz robert_jedicke , de a universidade_do_arizona , escolhido por a nature para comentar o	universidade_do_arizona	ORG
93	1	o navio trazia compensados de madeira exportados por a selvaplac , subsidiária brasileira de um grupo de a malásia .	selvaplac	ORG	o navio trazia compensados de madeira exportados por a selvaplac , subsidiária brasileira de um grupo de a malásia	malásia	PLC
105	1	é também o quénia , ao lado de a nigéria , que se incendeia , diz moncef_kaabi , de a natixis , é também a turquia , com as operações contra os separatistas curdos em o norte , justificando que mercados como o de o petróleo traduzem a inquietação e a incerteza de os investidores .	moncef_kaabi	PER	é também o quénia , ao lado de a nigéria , que se incendeia , diz moncef_kaabi , de a natixis , é também a turquia , com as contra os separatistas curdos em o mercados como o de o petróleo traduzem a inquietação e a incerteza de	natixis	ORG
108	1	pcp de braga promove lanche e intervenção política ; a comissão_concelhia_de_braga_do_pcp promove sábado um lanche e uma intervenção política , que vão decorrer em o centro_de_trabalho de o pcp .	pcp	ORG	pcp de braga promove lanche e intervenção política ; a , que vão decorrer em o centro_de_trabalho de o	braga	PLC
119	1	situada dentro de um parqued de 6 acres e somente a alguns minutos de o aeroporto internacional e de a cidade , a estância_de_cinco_estrelas_martino é o lugar mais conveniente para se ficar em a costa_rica para umas férias agradáveis , e o lugar ideal a partir de o qual você pode viajar por todo o país .	estância_de_cinco_estrelas_martino	ORG	situada dentro de um parqued de 6 acres e somente a alguns minutos de o aeroporto internacional e de a cidade , a estância_de_cinco_estrelas_martino é o conveniente para se ficar em a o ideal a partir de pode viajar por	costa_rica	PLC
120	2	de as agências internacionais ; o governo de a rússia vai apoiar uma ação de a otan contra as posições sérvias ao redor de sarajevo como último recurso , para defender as tropas de a onu , disse ontem o chanceler andrei_kozirev .	sarajevo	PLC	de as agências internacionais ; o governo de a rússia vai apoiar uma ação de a otan contra as posições sérvias ao redor de sarajevo como último recurso , para defender as tropas de a , o	onu	ORG
120	3	de as agências internacionais ; o governo de a rússia vai apoiar uma ação de a otan contra as posições sérvias ao redor de sarajevo como último recurso , para defender as tropas de a onu , disse ontem o chanceler andrei_kozirev .	rússia	ORG	de as agências internacionais ; o governo de a rússia vai apoiar uma ação de a otan contra as posições sérvias ao redor de sarajevo como último recurso , para defender as tropas de a , o	otan	ORG
126	1	apesar de o veto , o guaraná_power , feito em colaboração com a cooperativa_de_agricultores de a região_de_maués , em a amazônia , chegou a ser distribuído em museus e em a própria vermelho , durante a bienal .	cooperativa_de_agricultores	ORG	apesar de o veto , o guaraná_power , feito em colaboração com a cooperativa_de_agricultores de a região_de_maués , em a amazônia , chegou a ser distribuído em museus e em a própria vermelho , durante a	região_de_maués	PLC
127	1	em o próximo sábado , a as 16h , ronaldo_lemos , diretor de o creative_commons em o brasil , irá participar de um debate com os membros de o superflex , em a vermelho , e logo após será realizada uma gincana intitulada free_beer_pub_quiz , em a qual participantes receberão prêmios a o responderem questões sobre propriedade intelectual e direitos autorais .	creative_commons	ORG	em o próximo sábado , a as 16h , ronaldo_lemos , diretor de o creative_commons em o brasil , irá participar de um debate com os membros de o superflex , em a vermelho , e intitulada free_beer_pub_quiz , em a a	brasil	PLC
127	2	em o próximo sábado , a as 16h , ronaldo_lemos , diretor de o creative_commons em o brasil , irá participar de um debate com os membros de o superflex , em a vermelho , e logo após será realizada uma gincana intitulada free_beer_pub_quiz , em a qual participantes receberão prêmios a o responderem questões sobre propriedade intelectual e direitos autorais .	ronaldo_lemos	PER	em o próximo sábado , a as 16h , ronaldo_lemos , diretor de o creative_commons em o brasil , irá participar de um debate com os membros de o superflex , em a vermelho , e intitulada free_beer_pub_quiz , em a a	creative_commons	ORG
134	1	o conselho_europeu_metodista reuniu em o passado mês de setembro em stuttgart , alemanha .	conselho_europeu_metodista	ORG	o conselho_europeu_metodista reuniu em o passado mês de setembro em stuttgart , alemanha .	stuttgart	PLC
135	1	( bispo_sifredo ) - carta a o primeiro_ministro - a paz precisa de uma oportunidade - manifesto_ecuménico_jovem contra a guerra - world_council_of_churches - wars can not be won , only peace can - world_alliance_of_reformed_churches condena a guerra em o iraque departamentos_federação de mulheres_juventude_comissões_evangelização e educ . liturgia .	world_alliance_of_reformed_churches	ORG	( bispo_sifredo ) - carta a o primeiro_ministro - a paz precisa de uma oportunidade - manifesto_ecuménico_jovem contra a a guerra em o departamentos_federação de e	iraque	PLC
139	1	a abertura de o evento contou com a presença de fernando_gomes , presidente de a câmara_municipal_do_porto , e de o vereador wan_chun , em representação de sales_marques , presidente de o leal_senado , a qual foi enriquecida com um pequeno concerto em que os instrumentistas wong_on_yuen e antónio_ferro , tocando ehru e viola-baixo , respectivamente , interpretaram várias peças editadas em o disco compacto sinais_de_yuanju .	fernando_gomes	PER	a abertura de o evento contou com a presença de fernando_gomes , presidente de a câmara_municipal_do_porto , e de o vereador wan_chun , em representação de sales_marques , presidente de o leal_senado , a com pequeno concerto em editadas em	câmara_municipal_do_porto	ORG
139	2	a abertura de o evento contou com a presença de fernando_gomes , presidente de a câmara_municipal_do_porto , e de o vereador wan_chun , em representação de sales_marques , presidente de o leal_senado , a qual foi enriquecida com um pequeno concerto em que os instrumentistas wong_on_yuen e antónio_ferro , tocando ehru e viola-baixo , respectivamente , interpretaram várias peças editadas em o disco compacto sinais_de_yuanju .	sales_marques	PER	a abertura de o evento contou com a presença de fernando_gomes , presidente de a câmara_municipal_do_porto , e de o vereador wan_chun , em representação de sales_marques , presidente de o leal_senado , a com pequeno concerto em editadas em	leal_senado	ORG
142	1	mas , seja como for , peço expressamente que ninguém , em o final de este período de sessões , possa afirmar que o parlamento enquanto tal , em o espírito e em o seguimento de a sua magnífica declaração , não se pronunciou a favor de o retorno de a paz em israel e em o próximo_oriente .	parlamento	ORG	mas , seja como for , peço expressamente que ninguém , em o final de este período de sessões , possa afirmar que o parlamento enquanto tal , em o espírito e em o seguimento de a pronunciou a favor de o retorno de a paz em israel e em o	israel	PLC
142	2	mas , seja como for , peço expressamente que ninguém , em o final de este período de sessões , possa afirmar que o parlamento enquanto tal , em o espírito e em o seguimento de a sua magnífica declaração , não se pronunciou a favor de o retorno de a paz em israel e em o próximo_oriente .	parlamento	ORG	mas , seja como for , peço expressamente que ninguém , em o final de este período de sessões , possa afirmar que o parlamento enquanto tal , em o espírito e em o seguimento de a pronunciou a favor de o retorno de a paz em israel e em o	próximo_oriente	PLC
147	1	fr ) senhora_presidente , gostaria de voltar por um momento a o drama recordado por o nosso colega belga , vivido por certos refugiados em este momento , em a europa , em algumas de as nossas fronteiras , para lhes comunicar que me desloquei , há uma semana , a o centro de sangatte aberto por o governo francês e gerido por a cruz_vermelha .	sangatte	PLC	fr ) senhora_presidente , gostaria de voltar por um momento a o drama recordado por o nosso colega belga , vivido por certos refugiados em este momento , em a europa , em algumas de as nossas fronteiras , para , a o de por o francês e gerido por a	governo	ORG
147	2	fr ) senhora_presidente , gostaria de voltar por um momento a o drama recordado por o nosso colega belga , vivido por certos refugiados em este momento , em a europa , em algumas de as nossas fronteiras , para lhes comunicar que me desloquei , há uma semana , a o centro de sangatte aberto por o governo francês e gerido por a cruz_vermelha .	sangatte	PLC	fr ) senhora_presidente , gostaria de voltar por um momento a o drama recordado por o nosso colega belga , vivido por certos refugiados em este momento , em a europa , em algumas de as nossas fronteiras , para , a o centro de por francês e gerido por a	cruz_vermelha	ORG
164	1	com esta aposta em a imagem , os portos de setúbal e sesimbra preparam-se para o fim de a década , quando tiverem como grande cliente a fábrica de a ford/volkswagen .	sesimbra	PLC	com esta aposta em a imagem , os portos de setúbal e sesimbra preparam-se para o fim de a década , quando tiverem como grande cliente a fábrica de a	ford/volkswagen	ORG
164	2	com esta aposta em a imagem , os portos de setúbal e sesimbra preparam-se para o fim de a década , quando tiverem como grande cliente a fábrica de a ford/volkswagen .	setúbal	PLC	com esta aposta em a imagem , os portos de setúbal e sesimbra preparam-se para o fim de a década , quando tiverem como grande cliente a fábrica de a	ford/volkswagen	ORG
165	1	os documentos em causa foram colecionados em o ano passado por um painel de cientistas acadêmicos e industriais para avaliar recentes investigações de armas não letais para o joint_non-lethal_weapons_program ( jnlwp ) , de o pentágono .	joint_non-lethal_weapons_program	ORG	os documentos em causa foram colecionados em o ano passado por um painel de cientistas acadêmicos e industriais para avaliar recentes investigações de letais para o joint_non-lethal_weapons_program ( jnlwp ) , de o	pentágono	ORG
165	2	os documentos em causa foram colecionados em o ano passado por um painel de cientistas acadêmicos e industriais para avaliar recentes investigações de armas não letais para o joint_non-lethal_weapons_program ( jnlwp ) , de o pentágono .	jnlwp	ORG	os documentos em causa foram colecionados em o ano passado por um painel de cientistas acadêmicos e industriais para avaliar recentes investigações de letais para o joint_non-lethal_weapons_program ( jnlwp ) , de o	pentágono	ORG
165	3	os documentos em causa foram colecionados em o ano passado por um painel de cientistas acadêmicos e industriais para avaliar recentes investigações de armas não letais para o joint_non-lethal_weapons_program ( jnlwp ) , de o pentágono .	joint_non-lethal_weapons_program	ORG	os documentos em causa foram colecionados em o ano passado por um painel de cientistas acadêmicos e industriais para avaliar recentes investigações de letais para o joint_non-lethal_weapons_program ( jnlwp ) , de o	jnlwp	ORG
171	1	a pergunta de o onde está é tradicional em a comunicação social e em alguns casos foi feita com estragos consideráveis , como aconteceu com vítor_constâncio a a frente de o ps .	vítor_constâncio	PER	a pergunta de o onde está é tradicional em a comunicação social e em alguns casos foi feita com estragos consideráveis , como aconteceu com vítor_constâncio a a frente de o ps	ps	ORG
177	1	durão_barroso discursava em a sessão plenária extraordinária de o parlamento_europeu , durante a qual josé_sócrates apresentou os resultados de a presidência portuguesa de a ue .	parlamento_europeu	ORG	durão_barroso discursava em a sessão plenária extraordinária de o parlamento_europeu , durante a qual josé_sócrates apresentou os resultados de a presidência portuguesa de a ue	ue	ORG
177	2	durão_barroso discursava em a sessão plenária extraordinária de o parlamento_europeu , durante a qual josé_sócrates apresentou os resultados de a presidência portuguesa de a ue .	durão_barroso	PER	durão_barroso discursava em a sessão plenária extraordinária de o parlamento_europeu , durante a qual josé_sócrates apresentou os resultados de a presidência portuguesa de a ue	parlamento_europeu	ORG
180	2	durão_barroso acrescentou a a longa lista de sucessos enunciados por sócrates outros que considerou também importantes , como a decisão de criar o instituto_europeu_de_tecnologia e o lançamento de uma política_marítima_europeia .	sócrates	PER	durão_barroso acrescentou a a longa lista de sucessos enunciados por que também importantes , como a decisão de criar o instituto_europeu_de_tecnologia e o lançamento de	instituto_europeu_de_tecnologia	ORG
185	1	hans-gert_pöttering destacou ainda a importância , para o pe , de ver reconhecido o valor juridicamente vinculativo de a carta , um passo essencial em o quadro de reforma de os tratados e essencial para a identidade europeia .	hans-gert_pöttering	PER	hans-gert_pöttering destacou ainda a importância , para o pe , de ver reconhecido o valor juridicamente vinculativo de a carta , um passo essencial em o quadro de reforma de os tratados e essencial para a	pe	ORG
188	1	em o mesmo registo , martin_schulz ( pse , de ) , líder de o pse , recordou que , em a república_de_weimar , se queria acabar com os inimigos em forma de coro e quem dirigia esse coro era hitler .	martin_schulz	PER	em o mesmo registo , martin_schulz ( pse , de ) , líder de o pse , recordou que , em a república_de_weimar , se queria acabar com os inimigos em de	pse	ORG
190	1	francis_wurtz , de a ceue/evn , condenou de maneira absoluta as declarações antieuropeias e indignas que se ouviram em o hemiciclo : o meu grupo está a favor de um referendo , mas opõe-se a acções como esta , afirmou .	francis_wurtz	PER	francis_wurtz , de a ceue/evn , condenou de maneira absoluta as declarações antieuropeias e indignas que se ouviram em o hemiciclo : o a favor de , opõe-se a acções como esta	ceue/evn	ORG
198	1	em declarações a a agência lusa , antónio_fontes , de a aipan , disse que o preço de o pão terá de aumentar para fazer face a a subida de 92 % registada ao longo de 2007 em o preço de a matéria-prima de base ( farinha ) .	antónio_fontes	PER	em declarações a a agência lusa , antónio_fontes , de a aipan , disse que o preço de o pão terá de aumentar para fazer face a a subida de registada ao longo de 2007 em o preço de a matéria-prima de base ( farinha )	aipan	ORG
199	2	através da casa_de_cinema de porto_alegre , esse grupo produziu obras-primas como o curta-metragem ilha_das_flores e apresentou para o país cineastas como jorge_furtado , considerado um de os mais interessantes realizadores de o cinema brasileiro atual .	casa_de_cinema	ORG	através da casa_de_cinema de porto_alegre , esse produziu obras-primas como o e para , um de interessantes realizadores de	porto_alegre	PLC
210	1	em a mesma linha , o vereador lembra que a ferro-têxtil foi licenciada por o ministério_da_indústria de o governo cessante , a quem deverá ser imputada a responsabilidade de eventuais problemas .	ferro-têxtil	ORG	em a mesma linha , o vereador lembra que a ferro-têxtil foi licenciada por o ministério_da_indústria de o governo cessante , a imputada a responsabilidade de	ministério_da_indústria	ORG
210	2	em a mesma linha , o vereador lembra que a ferro-têxtil foi licenciada por o ministério_da_indústria de o governo cessante , a quem deverá ser imputada a responsabilidade de eventuais problemas .	ministério_da_indústria	ORG	em a mesma linha , o vereador lembra que a ferro-têxtil foi licenciada por o ministério_da_indústria de o governo cessante , a imputada a responsabilidade de	governo	ORG
214	1	a arábia_saudita era um de os três países de o mundo que reconheciam , em o afeganistão , o governo talibã .	arábia_saudita	ORG	a arábia_saudita era um de os três países de o mundo que reconheciam , em o afeganistão , o	talibã	ORG
214	2	a arábia_saudita era um de os três países de o mundo que reconheciam , em o afeganistão , o governo talibã .	arábia_saudita	ORG	a arábia_saudita era um de os três países de o mundo que reconheciam , em o afeganistão , o	afeganistão	PLC
214	3	a arábia_saudita era um de os três países de o mundo que reconheciam , em o afeganistão , o governo talibã .	afeganistão	PLC	a arábia_saudita era um de os três países de o mundo que reconheciam , em o afeganistão , o	talibã	ORG
216	1	no entanto , christina_eisenberg , uma bióloga que estuda os lobos e trabalha para o serviço_americano_de_vida_selvagem_e_aquática conta que parou de usar o sistema porque ele travava inesperadamente .	christina_eisenberg	PER	no entanto , christina_eisenberg , uma bióloga que estuda os lobos e trabalha para o serviço_americano_de_vida_selvagem_e_aquática conta que parou de usar o	serviço_americano_de_vida_selvagem_e_aquática	ORG
217	2	almeida_henriques , presidente de a associação_industrial_da_região_de_viseu ( airv ) , é o novo rosto de o conselho_empresarial_do_centro ( cec ) .	almeida_henriques	PER	almeida_henriques , presidente de a associação_industrial_da_região_de_viseu ( airv ) , é o novo rosto de o conselho_empresarial_do_centro ( cec )	associação_industrial_da_região_de_viseu	ORG
217	3	almeida_henriques , presidente de a associação_industrial_da_região_de_viseu ( airv ) , é o novo rosto de o conselho_empresarial_do_centro ( cec ) .	almeida_henriques	PER	almeida_henriques , presidente de a associação_industrial_da_região_de_viseu ( airv ) , é o novo rosto de o conselho_empresarial_do_centro ( cec )	conselho_empresarial_do_centro	ORG
225	1	coma a a vontade : a equipe de o jornal_do_nikkey esteve pesquisando um lado gostoso de a liberdade em são_paulo .	jornal_do_nikkey	ORG	coma a a vontade : a equipe de o jornal_do_nikkey esteve pesquisando um lado gostoso de a liberdade em são_paulo	são_paulo	PLC
228	2	se isto estivesse em vias de acontecer , o bibliófilo josé_mindlin , 90 anos , dono de uma de as mais importantes bibliotecas de o brasil e símbolo nacional de o culto a o livro , não teria se encontrado esta semana com seu colega americano , matthew_battles , 35 , editor de o boletim de a biblioteca_houghton , que guarda as obras raras de harvard .	matthew_battles	PER	se isto estivesse em vias de acontecer , o bibliófilo josé_mindlin , 90 anos , dono de uma de as mais importantes bibliotecas de o e símbolo nacional de o culto a o , editor de o boletim de a as obras raras de	biblioteca_houghton	ORG
235	1	em o norte , uma força de o cica_1 liderada por o tenente-coronel_carlos_azeredo toma o quartel_general de a região_militar_do_porto .	cica_1	ORG	em o norte , uma força de o cica_1 liderada por o tenente-coronel_carlos_azeredo toma o quartel_general de a região_militar_do_porto .	tenente-coronel_carlos_azeredo	PER
244	1	transferindo-se o governo português para o brasil sob a proteção inglesa e operando-se a independência sem descontinuidade em a chefia de o governo , os privilégios econômicos de que se beneficiava a inglaterra em portugal transferiram-se automaticamente para o brasil independente .	inglaterra	ORG	transferindo-se o governo português para o sob a proteção inglesa e operando-se a independência sem descontinuidade em a chefia de o governo , os privilégios econômicos de que beneficiava a inglaterra em para	portugal	PLC
247	2	e se ele avançar , as mais recentes sondagens indicam que o boletim de voto de as eleições de 2008 podem ter três rostos ligados a a big_apple : hillary_clinton , senadora por o estado de nova_iorque , rudy_giuliani , o republicano que já foi presidente de a câmara de a cidade , e michael_bloomberg , o homem que sucedeu a giuliani em o cargo .	rudy_giuliani	PER	e ele avançar , as mais recentes sondagens indicam que o boletim de voto de as eleições de 2008 rostos ligados a a big_apple : hillary_clinton , senadora por o de , foi presidente de a câmara de a , o que sucedeu a giuliani em o	câmara	ORG
249	1	em o dia 30 de junho , a comissão_de_controle_e_gestão_fiscal , de o ministério_da_fazenda , publicou , em o diário_oficial , uma recomendação a o ministério_de_orçamento_e_gestão , por a autorização para a abertura de concursos .	comissão_de_controle_e_gestão_fiscal	ORG	em o dia 30 de junho , a comissão_de_controle_e_gestão_fiscal , de o ministério_da_fazenda , publicou , em o diário_oficial , uma recomendação a o ministério_de_orçamento_e_gestão , por a autorização para a abertura de	ministério_da_fazenda	ORG
249	2	em o dia 30 de junho , a comissão_de_controle_e_gestão_fiscal , de o ministério_da_fazenda , publicou , em o diário_oficial , uma recomendação a o ministério_de_orçamento_e_gestão , por a autorização para a abertura de concursos .	comissão_de_controle_e_gestão_fiscal	ORG	em o dia 30 de junho , a comissão_de_controle_e_gestão_fiscal , de o ministério_da_fazenda , publicou , em o diário_oficial , uma recomendação a o ministério_de_orçamento_e_gestão , por a autorização para a abertura de	ministério_de_orçamento_e_gestão	ORG
256	1	em 06/11/1982 foi oficialmente inaugurado o prédio principal , tendo como patrono o dr._josé_getúlio_lima ( advogado e professor , pai de o dr._josé_carlos_de_barros_lima ) , que atuou muito em a área educacional de a região tendo sido o fundador , entre outros , de o ginásio conselheiro_lafayette ( 1942 ) posteriormente ginásio_estadual_anhanguera e atualmente e.e.s.g . pereira_barreto .	dr._josé_getúlio_lima	PER	em 06/11/1982 foi oficialmente inaugurado o prédio principal , tendo como patrono o dr._josé_getúlio_lima ( advogado e professor , pai de o dr._josé_carlos_de_barros_lima ) , que atuou muito em a área educacional de a o fundador , entre , de o	conselheiro_lafayette	ORG
259	1	a legião_da_boa_vontade , instituição educacional , cultural , beneficente e filantrópica , foi fundada em o brasil por o jornalista , radialista e poeta alziro_zarur em o programa de rádio hora_da_boa_vontade , em a rádio_globo de o rio_de_janeiro .	legião_da_boa_vontade	ORG	a legião_da_boa_vontade , instituição educacional , cultural , beneficente e filantrópica , foi fundada em o por o , e poeta alziro_zarur em o programa de rádio hora_da_boa_vontade , em a rádio_globo de o	brasil	PLC
259	4	a legião_da_boa_vontade , instituição educacional , cultural , beneficente e filantrópica , foi fundada em o brasil por o jornalista , radialista e poeta alziro_zarur em o programa de rádio hora_da_boa_vontade , em a rádio_globo de o rio_de_janeiro .	legião_da_boa_vontade	ORG	a legião_da_boa_vontade , instituição educacional , cultural , beneficente e filantrópica , foi fundada em o por o , e poeta alziro_zarur em o programa de rádio hora_da_boa_vontade , em a rádio_globo de o	alziro_zarur	PER
269	2	por o mesmo diapasão alinhou o delegado em lagoa de a associação_de_agricultores_de_famalicão , antónio_ribeiro , em declarações a o público : a câmara nunca falou com nós , fizeram tudo em as costas de as pessoas .	antónio_ribeiro	PER	por o mesmo diapasão alinhou o delegado em lagoa de a associação_de_agricultores_de_famalicão , antónio_ribeiro , em declarações a o público : a câmara nunca falou com nós , fizeram tudo em as costas de as	público	ORG
272	1	confrontado com as acusações sociais-democratas , saraiva_dias , vereador substituto de o presidente de a autarquia , referiu a o público que o comunicado de o psd contém um conjunto de atoardas , distantes de a realidade .	saraiva_dias	PER	confrontado com as acusações sociais-democratas , saraiva_dias , vereador substituto de o presidente de a autarquia , referiu a o público que o comunicado de o psd contém um conjunto de atoardas , distantes de a	público	ORG
284	2	e este dado torna o estatuto de independente muito atraente - um fenómeno semelhante a o verificado com a candidatura de manuel_alegre , em as últimas presidenciais portuguesas , ou com aquilo que esperam conseguir helena_roseta e carmona_rodrigues em as próximas eleições intercalares para a câmara_de_lisboa .	helena_roseta	PER	e este dado torna o estatuto de independente muito atraente - um fenómeno semelhante a o verificado com a candidatura de manuel_alegre , em as últimas presidenciais portuguesas , ou com helena_roseta e carmona_rodrigues em as próximas eleições intercalares para a	câmara_de_lisboa	ORG
284	3	e este dado torna o estatuto de independente muito atraente - um fenómeno semelhante a o verificado com a candidatura de manuel_alegre , em as últimas presidenciais portuguesas , ou com aquilo que esperam conseguir helena_roseta e carmona_rodrigues em as próximas eleições intercalares para a câmara_de_lisboa .	carmona_rodrigues	PER	e este dado torna o estatuto de independente muito atraente - um fenómeno semelhante a o verificado com a candidatura de manuel_alegre , em as últimas presidenciais portuguesas , ou com e carmona_rodrigues em as próximas eleições intercalares para a	câmara_de_lisboa	ORG
289	1	em 1956 , amílcar_cabral criou o partido_africano_para_a_independência_da_guiné_e_cabo_verde ( paigc ) , lutando contra o colonialismo e iniciando uma marcha para a independência .	amílcar_cabral	PER	em 1956 , amílcar_cabral criou o partido_africano_para_a_independência_da_guiné_e_cabo_verde ( paigc ) , lutando contra o colonialismo e iniciando uma marcha para a	partido_africano_para_a_independência_da_guiné_e_cabo_verde	ORG
289	2	em 1956 , amílcar_cabral criou o partido_africano_para_a_independência_da_guiné_e_cabo_verde ( paigc ) , lutando contra o colonialismo e iniciando uma marcha para a independência .	amílcar_cabral	PER	em 1956 , amílcar_cabral criou o partido_africano_para_a_independência_da_guiné_e_cabo_verde ( paigc ) , lutando contra o colonialismo e iniciando uma marcha para a	paigc	ORG
289	3	em 1956 , amílcar_cabral criou o partido_africano_para_a_independência_da_guiné_e_cabo_verde ( paigc ) , lutando contra o colonialismo e iniciando uma marcha para a independência .	partido_africano_para_a_independência_da_guiné_e_cabo_verde	ORG	em 1956 , amílcar_cabral criou o partido_africano_para_a_independência_da_guiné_e_cabo_verde ( paigc ) , lutando contra o colonialismo e iniciando uma marcha para a	paigc	ORG
294	1	desta vez o museu lourinhanense está a usar tomografia_axial_computorizada ( tac ) para descobrir se existem mais ovos com embriões , os ossos de os dinossauros antes de habitualmente usado para fins médicos , o equipamento de tac foi disponibilizado por as clínicas cedima/irm e montepio de as caldas_da_rainha em colaboração com os médicos francisco_rita e josé .	cedima/irm	ORG	o museu lourinhanense está a usar tomografia_axial_computorizada ( tac ) para com , os ossos de de , o de por as cedima/irm e montepio de as caldas_da_rainha em colaboração com os	caldas_da_rainha	PLC
294	2	desta vez o museu lourinhanense está a usar tomografia_axial_computorizada ( tac ) para descobrir se existem mais ovos com embriões , os ossos de os dinossauros antes de habitualmente usado para fins médicos , o equipamento de tac foi disponibilizado por as clínicas cedima/irm e montepio de as caldas_da_rainha em colaboração com os médicos francisco_rita e josé .	montepio	ORG	o museu lourinhanense está a usar tomografia_axial_computorizada ( tac ) para com , os ossos de de , o de por as e montepio de as caldas_da_rainha em colaboração com os	caldas_da_rainha	PLC
295	1	o pp , o pcp e o be , em alguns casos mesmo alguns raros dissidentes de o ps socrático , têm criticado o governo , enquanto o psd passa entre as sombras , ou ficando pura e simplesmente silencioso , ou murmurando umas críticas de circunstância que ninguém ouve , ou , em muitos casos , concordando com o governo e o ps .	pp	ORG	o pp , o pcp e o be , em alguns casos mesmo alguns raros dissidentes de o ps socrático , o , o passa entre as de , em com o e	governo	ORG
295	2	o pp , o pcp e o be , em alguns casos mesmo alguns raros dissidentes de o ps socrático , têm criticado o governo , enquanto o psd passa entre as sombras , ou ficando pura e simplesmente silencioso , ou murmurando umas críticas de circunstância que ninguém ouve , ou , em muitos casos , concordando com o governo e o ps .	pcp	ORG	o pp , o pcp e o be , em alguns casos mesmo alguns raros dissidentes de o ps socrático , o , o passa entre as de , em com o e	governo	ORG
295	3	o pp , o pcp e o be , em alguns casos mesmo alguns raros dissidentes de o ps socrático , têm criticado o governo , enquanto o psd passa entre as sombras , ou ficando pura e simplesmente silencioso , ou murmurando umas críticas de circunstância que ninguém ouve , ou , em muitos casos , concordando com o governo e o ps .	be	ORG	o pp , o pcp e o be , em alguns casos mesmo alguns raros dissidentes de o ps socrático , o , o passa entre as de , em com o e	governo	ORG
295	4	o pp , o pcp e o be , em alguns casos mesmo alguns raros dissidentes de o ps socrático , têm criticado o governo , enquanto o psd passa entre as sombras , ou ficando pura e simplesmente silencioso , ou murmurando umas críticas de circunstância que ninguém ouve , ou , em muitos casos , concordando com o governo e o ps .	psd	ORG	o pp , o pcp e o be , em alguns casos mesmo alguns raros dissidentes de o ps socrático , o , o psd passa entre as de , em com o e	governo	ORG
295	5	o pp , o pcp e o be , em alguns casos mesmo alguns raros dissidentes de o ps socrático , têm criticado o governo , enquanto o psd passa entre as sombras , ou ficando pura e simplesmente silencioso , ou murmurando umas críticas de circunstância que ninguém ouve , ou , em muitos casos , concordando com o governo e o ps .	psd	ORG	o pp , o pcp e o be , em alguns casos mesmo alguns raros dissidentes de o ps socrático , o , o passa entre as de , em com o	ps	ORG
296	1	mas , quando vier a pergunta , será mais para a coreografia do que para a substância , porque esta está há muito respondida : de há uns tempos a esta parte , o psd está onde está o ps .	psd	ORG	mas , quando vier a pergunta , será mais para a coreografia do que para a substância , respondida : de a	ps	ORG
304	1	situada , desde 1891 , em a praça_do_império , em a imediata proximidade de o mosteiro_dos_jerónimos , a biblioteca_central_da_marinha ( bcm ) é sucessora de a antiga biblioteca_da_real_academia_dos_guardas-marinhas , que seguiu com a côrte para o brasil e foi transferida para o rio_de_janeiro aquando_de a 1ª invasão francesa , tendo ficado em grande parte em aquele país .	biblioteca_central_da_marinha	ORG	situada , desde 1891 , em a praça_do_império , em a imediata proximidade de o mosteiro_dos_jerónimos , a biblioteca_central_da_marinha ( bcm ) é sucessora de a antiga biblioteca_da_real_academia_dos_guardas-marinhas , que seguiu com a para , tendo ficado em em	biblioteca_da_real_academia_dos_guardas-marinhas	ORG
304	2	situada , desde 1891 , em a praça_do_império , em a imediata proximidade de o mosteiro_dos_jerónimos , a biblioteca_central_da_marinha ( bcm ) é sucessora de a antiga biblioteca_da_real_academia_dos_guardas-marinhas , que seguiu com a côrte para o brasil e foi transferida para o rio_de_janeiro aquando de a 1ª invasão francesa , tendo ficado em grande parte em aquele país .	biblioteca_central_da_marinha	ORG	situada , desde 1891 , em a praça_do_império , em a imediata proximidade de o mosteiro_dos_jerónimos , a biblioteca_central_da_marinha ( bcm ) é sucessora de a antiga biblioteca_da_real_academia_dos_guardas-marinhas , que seguiu com a para o rio_de_janeiro aquando de a , tendo ficado em em	bcm	ORG
306	1	méxico prende assessor de deputado de o pri ; de as agências_internacionais ; a polícia mexicana prendeu ontem um funcionário de a câmara por suspeita de envolvimento em o assassinato de o secretário-geral de o partido_revolucionário_institucional ( pri , governista ) , josé_francisco_ruiz_massieu , 48 , ocorrido quarta-feira em a cidade_do_méxico .	méxico	ORG	méxico prende assessor de deputado de o pri ; de as agências_internacionais ; a polícia mexicana prendeu ontem um funcionário de a câmara por suspeita de envolvimento em o assassinato de o secretário-geral de o partido_revolucionário_institucional ( pri , governista ) , josé_francisco_ruiz_massieu , 48 , ocorrido quarta-feira em a	pri	ORG
308	1	a cimeira união_europeia_áfrica , prevista para 8 e 9 de dezembro em lisboa , não deve ser uma cimeira sobre o presidente_do_zimbabwe , robert_mugabe , defendeu hoje josé_sócrates , primeiro-ministro português e presidente em exercício de a união_europeia ( ue ) .	josé_sócrates	PER	a cimeira união_europeia_áfrica , prevista para 8 e 9 de dezembro em lisboa , deve uma cimeira sobre o e presidente em exercício de a união_europeia (	união_europeia	ORG
314	1	a lusa tentou contactar o porta-voz de a asae para obter esclarecimentos adicionais mas tal foi impossível até a o momento .	lusa	ORG	a lusa tentou contactar o porta-voz de a asae para tal foi impossível até a o	asae	ORG
329	1	organizada por o núcleo_interactivo_de_astronomia ( nuclio ) em o centro_de_interpretação_ambiental_da_ponta_do_sal , em são_pedro de o estoril , a quarta edição de a iniciativa inclui sessões de observação de o sol e de o céu nocturno , oficinas de astronomia , lançamentos de foguetões de água , palestras e uma procura de asteróides , actividade que a instituição promove regularmente em as escolas de o concelho .	núcleo_interactivo_de_astronomia	ORG	organizada por o núcleo_interactivo_de_astronomia ( nuclio ) em o centro_de_interpretação_ambiental_da_ponta_do_sal , em são_pedro de o estoril , a quarta edição de a iniciativa inclui sessões de observação de o sol e de o céu nocturno , oficinas de astronomia , lançamentos de foguetões de água , e de a promove regularmente em as escolas de o	centro_de_interpretação_ambiental_da_ponta_do_sal	PLC
332	1	realizada em o teatro_do_sesi , local ao lado de o espaço de o fisl , a noite começou com os gaúchos de a bataclã fc , que entraram em o palco com uniformes de o dmlu , o departamento_municipal_de_limpeza_urbana de porto_alegre e abriram o show com o clássico amigo_punk .	departamento_municipal_de_limpeza_urbana	ORG	realizada em o teatro_do_sesi , local ao lado de o espaço de o fisl , a noite começou com os gaúchos de a bataclã fc , que entraram em o palco com uniformes de o dmlu , o departamento_municipal_de_limpeza_urbana de porto_alegre e abriram o show com o	porto_alegre	PLC
332	2	realizada em o teatro_do_sesi , local ao_lado de o espaço de o fisl , a noite começou com os gaúchos de a bataclã fc , que entraram em o palco com uniformes de o dmlu , o departamento_municipal_de_limpeza_urbana de porto_alegre e abriram o show com o clássico amigo_punk .	dmlu	ORG	realizada em o teatro_do_sesi , local ao_lado de o espaço de o fisl , a noite começou com os gaúchos de a bataclã fc , que entraram em o palco com uniformes de o dmlu , o departamento_municipal_de_limpeza_urbana de porto_alegre e abriram o show com o	departamento_municipal_de_limpeza_urbana	ORG
342	1	fernando_rodríguez_gonzález , assessor de o deputado manuel_muoz_rocha , de o pri , teria hospedado o assassino em a capital enquanto o crime era preparado .	fernando_rodríguez_gonzález	PER	fernando_rodríguez_gonzález , assessor de o deputado manuel_muoz_rocha , de o pri , teria hospedado o assassino em a capital enquanto o crime	pri	ORG
342	2	fernando_rodríguez_gonzález , assessor de o deputado manuel_muoz_rocha , de o pri , teria hospedado o assassino em a capital enquanto o crime era preparado .	manuel_muoz_rocha	PER	fernando_rodríguez_gonzález , assessor de o deputado manuel_muoz_rocha , de o pri , teria hospedado o assassino em a capital enquanto o crime	pri	ORG
347	1	a desforra de granada ; granada não enfrentou os reis_católicos por razões de fé ou de religião .	granada	ORG	a desforra de granada ; granada não enfrentou os reis_católicos por razões de fé ou de religião .	reis_católicos	PER
359	1	em este arco temporal de 15 anos , o ccb apresentou a o público de lisboa artistas tão diversos como sviatoslav_richter e cecilia_bartoli , pina_bausch_et_pippo_delbono , peter_brook e jordi_savall , philip_glass_et_keith_jarrett , a royal_shakespeare_company e o piccolo_teatro_di_milano , robert_lepage e a companhia cheek by jowl , a companhia de ópera de o teatro_mariinski_de_s._petersburgo e the_wooster_group .	ccb	ORG	em este arco temporal de 15 anos , o ccb apresentou a o público de lisboa artistas tão diversos como sviatoslav_richter e , , , , a , a companhia de ópera de o	lisboa	PLC
363	1	israel , sabendo que não pode devolver a cisjordânia , desmantelar os colonatos , prescindir de a ocupação sem comprometer a sua segurança , dividir jerusalém ou ceder a pretensões sobre o regresso des de refugiados ( que nunca poderão regressar ) , está interessado em manter as ficções americanas e europeias e administrar a ocupação e a relação de forças , como a sua supremacia militar assegura .	israel	ORG	israel , sabendo que não pode devolver a cisjordânia , desmantelar os colonatos , prescindir de a ocupação sem comprometer a a sobre o des de em a e a relação de , como a	cisjordânia	PLC
364	1	em dublin , a maior é a eason_and_son , que tem uma variedade enorme de a literatura irlandesa .	dublin	PLC	em dublin , a maior é a eason_and_son , que tem uma variedade enorme de a literatura	eason_and_son	ORG
365	1	em waterford , visite a fábrica de cristais waterford ( waterford_crystal_factory ) , que foi fundada em 1783 e fica a 2,5 km a o sul de o centro de a cidade .	waterford	PLC	em waterford , visite a fábrica de cristais waterford ( waterford_crystal_factory ) , que foi fundada em 1783 e fica a 2,5 km a o sul de o centro de a	waterford	ORG
375	2	antónio_nunes , presidente de a autoridade_de_segurança_alimentar_e_económica ( asae ) , uma de as entidades que irá fiscalizar a aplicação de a lei que proibe o fumo em espaços fechados de utilização pública , foi fotografado por o diário_de_notícias ( dn ) a fumar uma cigarrilha em o casino de o estoril a as 02.30 de a manhã de o dia 01 de janeiro .	antónio_nunes	PER	antónio_nunes , presidente de a autoridade_de_segurança_alimentar_e_económica ( asae ) , uma de as entidades que irá fiscalizar a aplicação de a lei que proibe o fumo em espaços fechados de pública , foi fotografado por o diário_de_notícias ( dn ) a fumar uma cigarrilha em o casino de o estoril a as 02.30 de a manhã de o dia 01 de	autoridade_de_segurança_alimentar_e_económica	ORG
390	2	de acordo com a cbkc ( confederação_brasileira_de_cinofilia ) , órgão filiado a o fci ( fédération_cynologique_internationale ) , existem onze grupos de raças em o brasil .	cbkc	ORG	de acordo com a cbkc ( confederação_brasileira_de_cinofilia ) , órgão filiado a o fci ( fédération_cynologique_internationale ) , existem onze grupos de raças em o	fci	ORG
401	1	em o norte , uma força de o cica_1 liderada por o tenente-coronel carlos_azeredo toma o quartel_general_da_região_militar_do_porto .	cica_1	ORG	em o norte , uma força de o cica_1 liderada por o tenente-coronel carlos_azeredo toma o quartel_general_da_região_militar_do_porto .	quartel_general_da_região_militar_do_porto	PLC
401	2	em o norte , uma força de o cica_1 liderada por o tenente-coronel carlos_azeredo toma o quartel_general_da_região_militar_do_porto .	norte	PLC	em o norte , uma força de o cica_1 liderada por o tenente-coronel carlos_azeredo toma o quartel_general_da_região_militar_do_porto .	cica_1	ORG
408	1	a abraço é uma instituição_particular_de_solidariedade_social .	abraço	ORG	a abraço é uma instituição_particular_de_solidariedade_social .	instituição_particular_de_solidariedade_social	ORG
411	1	de o grupo alde , graham watson lançou uma petição para que a presidência de o pe use os poderes que lhe confere o regimento para mandar embora um deputado que se comporte de maneira indigna : uma atitude como esta não se pode tolerar e traz-nos o pior de um estádio de futebol , afirmou .	presidência	ORG	de o grupo alde , graham watson lançou uma petição para que a presidência de o pe use os de o pior de estádio de	pe	ORG
413	1	a o recuperar a independência , portugal encontrou-se em posição extremamente débil , pois a ameaça de a espanha - que por mais de um quarto de século não reconheceu essa independência - pesava permanentemente sobre o território metropolitano .	portugal	ORG	a o recuperar a independência , portugal encontrou-se em posição extremamente débil , pois a ameaça de a espanha - que por mais de quarto de sobre	espanha	ORG
419	1	o departamento_de_cultura_científica_do_centro_acadêmico_pereira_barretto ( dcc/capb ) , órgão responsável por a representação e encaminhamento científico de os alunos de a unifesp/epm , fundado em 1937 , atua junto a os alunos promovendo vários cursos extracurriculares , palestras , conferências e discussões de interesse a a área médica .	departamento_de_cultura_científica_do_centro_acadêmico_pereira_barretto	ORG	o departamento_de_cultura_científica_do_centro_acadêmico_pereira_barretto ( dcc/capb ) , órgão responsável por a representação e encaminhamento científico de os alunos de a unifesp/epm , fundado em 1937 , atua junto a e discussões de interesse a a	unifesp/epm	ORG
422	1	a formação e o treino de as falintil - forcas_de_defesa_de_timor-leste , de a polícia_nacional_de_timor-leste e de os guardas prisionais são orientados por os princípios de os direitos humanos .	falintil	ORG	a formação e o treino de as falintil - forcas_de_defesa_de_timor-leste , de a polícia_nacional_de_timor-leste e de os guardas prisionais são orientados por os princípios de os	polícia_nacional_de_timor-leste	ORG
425	1	escutismo distingue câmara_de_santo_tirso ; o corpo_nacional_de_escutas ( cne ) atribuiu ontem a a câmara_de_santo_tirso o diploma de mérito_nacional , a sua mais alta distinção , por o apoio incondicional de a autarquia a o escutismo em o concelho .	corpo_nacional_de_escutas	ORG	escutismo distingue câmara_de_santo_tirso ; o corpo_nacional_de_escutas ( cne ) atribuiu ontem a a câmara_de_santo_tirso o diploma de mérito_nacional , a , por o apoio incondicional de a autarquia a o escutismo em o	câmara_de_santo_tirso	ORG
441	1	com um total de 161 militares , o contingente português integrado em a força_internacional_de_assistência_e_segurança ( isaf ) constitui a força_de_reacção_rápida_do_comandante de a força de a nato em o afeganistão .	força_internacional_de_assistência_e_segurança	ORG	com um total de 161 militares , o contingente português integrado em a força_internacional_de_assistência_e_segurança ( isaf ) constitui a força_de_reacção_rápida_do_comandante de a força de a nato em o afeganistão	força_de_reacção_rápida_do_comandante	ORG
441	2	com um total de 161 militares , o contingente português integrado em a força_internacional_de_assistência_e_segurança ( isaf ) constitui a força_de_reacção_rápida_do_comandante de a força de a nato em o afeganistão .	isaf	ORG	com um total de 161 militares , o contingente português integrado em a força_internacional_de_assistência_e_segurança ( isaf ) constitui a força_de_reacção_rápida_do_comandante de a força de a nato em o afeganistão	força_de_reacção_rápida_do_comandante	ORG
457	1	é urgente que aquela comissão averigúe por que razão os estados_membros estão a ignorar as leis de a ue em matéria de segurança marítima e não se trata apenas de a grécia .	estados_membros	ORG	é averigúe por que razão os estados_membros estão a ignorar as leis de a ue em matéria de segurança marítima e não se trata apenas de a	ue	ORG
457	2	é urgente que aquela comissão averigúe por que razão os estados_membros estão a ignorar as leis de a ue em matéria de segurança marítima e não se trata apenas de a grécia .	estados_membros	ORG	é averigúe por que razão os estados_membros estão a ignorar as leis de a ue em matéria de segurança marítima e não se trata apenas de a	grécia	ORG
